Order ID,Order Name,Order Status,Last Fulfill Date,Tracking Number,Notes,Paid_at,Processed at,Order Created At,Quantity,Lineitem SKU,Shipping Company Name,Replace at
417414_463614_90325,#1165,TO_ORDER,Not fulfill,,,11-22-2018 06:45:34,Not processed yet,06-25-2018 05:12:24,1,UBRABPBL2L,EMS_ZX_ZX_US,12-04-2018 02:32:20
417414_463614_90323,#1165,TO_ORDER,Not fulfill,,,11-22-2018 06:45:34,Not processed yet,06-25-2018 05:12:24,1,UBRABPBL2L,EMS_ZX_ZX_US,12-04-2018 02:32:20
762077_850032_90322,#1700,TO_ORDER,Not fulfill,,,11-08-2018 04:07:43,Not processed yet,10-31-2018 02:10:54,1,UBRABPBL2L,UPINUS_SHIPPING,12-04-2018 02:26:42
816919_912472_90321,#1830,TO_ORDER,Not fulfill,,,11-28-2018 07:56:52,Not processed yet,11-26-2018 10:44:19,1,UPTT040000,EMS_ZX_ZX_US,12-04-2018 02:25:09
820257_916458_85857,#1836,TO_ORDER,Not fulfill,,,11-29-2018 02:25:00,Not processed yet,11-27-2018 08:15:26,1,UBRABPBL2L,EMS_ZX_ZX_US,11-30-2018 03:48:44
820257_916458_85238,#1836,TO_ORDER,Not fulfill,,,11-29-2018 02:25:00,Not processed yet,11-27-2018 08:15:26,1,UPTT040000,EMS_ZX_ZX_US,
714656_798954_84567,#1650,TO_ORDER,Not fulfill,,,11-08-2018 04:07:43,11-28-2018 08:22:48,10-11-2018 08:18:18,1,UBRABPBL2L,EMS_ZX_ZX_US,11-28-2018 07:38:43
417414_463614_81239,#1165,TO_ORDER,Not fulfill,,,11-22-2018 06:45:34,11-28-2018 07:42:39,06-25-2018 05:12:24,1,UBRABPBL2L,EMS_ZX_ZX_US,
417414_463615_81238,#1165,TO_ORDER,Not fulfill,,,11-22-2018 06:45:34,11-28-2018 07:42:43,06-25-2018 05:12:24,1,UBRABPBL2L,EMS_ZX_ZX_US,
781767_872073_80978,#1727,TO_ORDER,Not fulfill,,,11-09-2018 07:59:37,Not processed yet,11-09-2018 07:57:53,1,UBRABPBL2L,EMS_ZX_ZX_US,11-21-2018 09:05:30
